tier,wins,losses,veteran,inactive,freshBlood,hotStreak,role,winRate,totalGames,region
CHALLENGER,198,142,True,False,False,False,Jungle,58.24,340,NorthAmerica
CHALLENGER,178,122,True,False,False,False,Jungle,59.33,300,NorthAmerica
CHALLENGER,119,67,True,False,False,False,Top,63.98,186,NorthAmerica
CHALLENGER,251,183,True,False,False,False,Mid,57.83,434,NorthAmerica
CHALLENGER,120,51,False,False,False,False,Bottom,70.18,171,NorthAmerica
CHALLENGER,267,204,True,False,False,True,Bottom,56.69,471,NorthAmerica
CHALLENGER,189,133,True,False,False,False,Mid,58.7,322,NorthAmerica
CHALLENGER,271,219,True,False,False,False,Mid,55.31,490,NorthAmerica
CHALLENGER,139,98,True,False,False,False,Bottom,58.65,237,NorthAmerica
CHALLENGER,369,326,True,False,False,False,Top,53.09,695,NorthAmerica
CHALLENGER,155,115,True,False,False,False,Bottom,57.41,270,NorthAmerica
CHALLENGER,191,147,True,False,False,False,Bottom,56.51,338,NorthAmerica
CHALLENGER,133,87,True,False,False,False,Bottom,60.45,220,NorthAmerica
CHALLENGER,209,171,True,False,False,False,Bottom,55.0,380,NorthAmerica
CHALLENGER,266,228,True,False,False,False,Jungle,53.85,494,NorthAmerica
CHALLENGER,264,229,True,False,False,False,Top,53.55,493,NorthAmerica
CHALLENGER,87,47,False,False,False,False,Jungle,64.93,134,NorthAmerica
CHALLENGER,161,76,True,False,False,False,Top,67.93,237,NorthAmerica
CHALLENGER,142,107,True,False,False,True,Bottom,57.03,249,NorthAmerica
CHALLENGER,90,57,True,False,False,False,Bottom,61.22,147,NorthAmerica
CHALLENGER,187,155,True,False,False,False,Jungle,54.68,342,NorthAmerica
CHALLENGER,102,71,True,False,False,False,Bottom,58.96,173,NorthAmerica
CHALLENGER,232,197,True,False,False,False,Mid,54.08,429,NorthAmerica
CHALLENGER,172,123,True,False,False,False,Mid,58.31,295,NorthAmerica
CHALLENGER,242,195,True,False,False,False,Bottom,55.38,437,NorthAmerica
CHALLENGER,209,123,True,False,False,True,Bottom,62.95,332,NorthAmerica
CHALLENGER,271,235,True,False,False,False,Top,53.56,506,NorthAmerica
CHALLENGER,152,125,True,False,False,False,Jungle,54.87,277,NorthAmerica
CHALLENGER,147,119,True,False,False,False,Top,55.26,266,NorthAmerica
CHALLENGER,137,102,True,False,False,True,Bottom,57.32,239,NorthAmerica
CHALLENGER,350,317,True,False,False,False,Top,52.47,667,NorthAmerica
CHALLENGER,105,53,False,False,False,False,Jungle,66.46,158,NorthAmerica
CHALLENGER,129,103,True,False,False,False,Jungle,55.6,232,NorthAmerica
CHALLENGER,205,181,True,False,False,False,Mid,53.11,386,NorthAmerica
CHALLENGER,145,124,True,False,False,False,Mid,53.9,269,NorthAmerica
CHALLENGER,158,131,True,False,False,True,Bottom,54.67,289,NorthAmerica
CHALLENGER,245,150,True,False,False,True,Bottom,62.03,395,NorthAmerica
CHALLENGER,240,206,True,False,False,False,Top,53.81,446,NorthAmerica
CHALLENGER,117,85,True,False,False,False,Top,57.92,202,NorthAmerica
CHALLENGER,130,82,True,False,False,False,Jungle,61.32,212,NorthAmerica
CHALLENGER,176,145,True,False,False,False,Top,54.83,321,NorthAmerica
CHALLENGER,155,132,True,False,False,False,Bottom,54.01,287,NorthAmerica
CHALLENGER,152,136,True,False,False,True,Bottom,52.78,288,NorthAmerica
CHALLENGER,87,58,True,False,False,False,Mid,60.0,145,NorthAmerica
CHALLENGER,121,92,True,False,False,False,Bottom,56.81,213,NorthAmerica
CHALLENGER,177,153,True,False,False,False,Mid,53.64,330,NorthAmerica
CHALLENGER,260,230,True,False,False,False,Bottom,53.06,490,NorthAmerica
CHALLENGER,237,206,True,False,False,False,Bottom,53.5,443,NorthAmerica
CHALLENGER,173,90,False,False,False,False,Mid,65.78,263,NorthAmerica
CHALLENGER,82,36,False,False,False,False,Bottom,69.49,118,NorthAmerica
CHALLENGER,81,46,False,False,False,False,Bottom,63.78,127,NorthAmerica
CHALLENGER,133,98,True,False,False,False,Jungle,57.58,231,NorthAmerica
CHALLENGER,85,67,True,False,False,False,Jungle,55.92,152,NorthAmerica
CHALLENGER,161,125,False,False,False,False,Mid,56.29,286,NorthAmerica
CHALLENGER,151,71,False,False,False,False,Top,68.02,222,NorthAmerica
CHALLENGER,133,113,True,False,False,False,Top,54.07,246,NorthAmerica
CHALLENGER,259,223,True,False,False,False,Bottom,53.73,482,NorthAmerica
CHALLENGER,128,101,True,False,False,True,Mid,55.9,229,NorthAmerica
CHALLENGER,289,264,True,False,False,False,Mid,52.26,553,NorthAmerica
CHALLENGER,162,131,True,False,False,True,Jungle,55.29,293,NorthAmerica
CHALLENGER,122,98,True,False,False,True,Bottom,55.45,220,NorthAmerica
CHALLENGER,157,134,True,False,False,False,Jungle,53.95,291,NorthAmerica
CHALLENGER,147,100,True,False,False,True,Jungle,59.51,247,NorthAmerica
CHALLENGER,101,82,True,False,False,False,Bottom,55.19,183,NorthAmerica
CHALLENGER,167,138,True,False,False,False,Top,54.75,305,NorthAmerica
CHALLENGER,175,152,True,False,False,True,Top,53.52,327,NorthAmerica
CHALLENGER,197,171,False,False,False,False,Bottom,53.53,368,NorthAmerica
CHALLENGER,214,164,True,False,False,True,Mid,56.61,378,NorthAmerica
CHALLENGER,211,189,True,False,False,False,Bottom,52.75,400,NorthAmerica
CHALLENGER,147,125,True,False,False,False,Top,54.04,272,NorthAmerica
CHALLENGER,177,134,True,False,False,False,Mid,56.91,311,NorthAmerica
CHALLENGER,207,156,True,False,False,False,Mid,57.02,363,NorthAmerica
CHALLENGER,174,152,True,False,False,False,Jungle,53.37,326,NorthAmerica
CHALLENGER,194,173,True,False,False,False,Bottom,52.86,367,NorthAmerica
CHALLENGER,97,67,False,False,False,False,Jungle,59.15,164,NorthAmerica
CHALLENGER,163,143,True,False,False,False,Mid,53.27,306,NorthAmerica
CHALLENGER,131,112,True,False,False,True,Mid,53.91,243,NorthAmerica
CHALLENGER,189,159,True,False,False,True,Bottom,54.31,348,NorthAmerica
CHALLENGER,182,151,True,False,False,False,Jungle,54.65,333,NorthAmerica
CHALLENGER,154,126,True,False,False,False,Bottom,55.0,280,NorthAmerica
CHALLENGER,184,159,True,False,False,False,Mid,53.64,343,NorthAmerica
CHALLENGER,150,128,True,False,False,False,Mid,53.96,278,NorthAmerica
CHALLENGER,132,112,True,False,False,False,Mid,54.1,244,NorthAmerica
CHALLENGER,267,241,False,False,False,False,Bottom,52.56,508,NorthAmerica
CHALLENGER,278,258,True,False,False,False,Bottom,51.87,536,NorthAmerica
CHALLENGER,77,52,False,False,False,False,Bottom,59.69,129,NorthAmerica
CHALLENGER,106,88,False,False,False,False,Jungle,54.64,194,NorthAmerica
CHALLENGER,245,209,True,False,False,False,Top,53.96,454,NorthAmerica
CHALLENGER,85,62,False,False,False,False,Bottom,57.82,147,NorthAmerica
CHALLENGER,81,53,False,False,False,True,Jungle,60.45,134,NorthAmerica
CHALLENGER,241,212,True,False,False,False,Top,53.2,453,NorthAmerica
CHALLENGER,82,53,False,False,False,True,Bottom,60.74,135,NorthAmerica
CHALLENGER,116,97,False,False,False,False,Jungle,54.46,213,NorthAmerica
CHALLENGER,108,78,False,False,False,False,Mid,58.06,186,NorthAmerica
CHALLENGER,244,229,True,False,False,False,Top,51.59,473,NorthAmerica
CHALLENGER,97,79,True,False,False,True,Jungle,55.11,176,NorthAmerica
CHALLENGER,80,50,False,False,False,True,Bottom,61.54,130,NorthAmerica
CHALLENGER,107,84,True,False,False,False,Bottom,56.02,191,NorthAmerica
CHALLENGER,139,117,True,False,False,False,Bottom,54.3,256,NorthAmerica
CHALLENGER,148,124,True,False,False,False,Mid,54.41,272,NorthAmerica
CHALLENGER,134,110,True,False,False,False,Jungle,54.92,244,NorthAmerica
CHALLENGER,204,184,True,False,False,False,Top,52.58,388,NorthAmerica
CHALLENGER,133,109,True,False,False,False,Top,54.96,242,NorthAmerica
CHALLENGER,94,59,False,False,False,False,Bottom,61.44,153,NorthAmerica
CHALLENGER,301,287,True,False,False,False,Mid,51.19,588,NorthAmerica
CHALLENGER,90,70,True,False,False,False,Bottom,56.25,160,NorthAmerica
CHALLENGER,54,23,False,False,False,False,Mid,70.13,77,NorthAmerica
CHALLENGER,85,67,False,False,False,True,Bottom,55.92,152,NorthAmerica
CHALLENGER,155,135,True,False,False,False,Bottom,53.45,290,NorthAmerica
CHALLENGER,94,78,False,False,False,True,Bottom,54.65,172,NorthAmerica
CHALLENGER,79,64,False,False,False,False,Jungle,55.24,143,NorthAmerica
CHALLENGER,66,36,False,False,False,True,Mid,64.71,102,NorthAmerica
CHALLENGER,83,61,False,False,False,False,Jungle,57.64,144,NorthAmerica
CHALLENGER,112,90,True,False,False,False,Mid,55.45,202,NorthAmerica
CHALLENGER,105,66,False,False,False,True,Mid,61.4,171,NorthAmerica
CHALLENGER,298,281,False,False,False,False,Bottom,51.47,579,NorthAmerica
CHALLENGER,100,86,True,False,False,False,Mid,53.76,186,NorthAmerica
CHALLENGER,244,222,True,False,False,False,Mid,52.36,466,NorthAmerica
CHALLENGER,81,46,False,False,False,False,Bottom,63.78,127,NorthAmerica
CHALLENGER,190,171,True,False,False,False,Bottom,52.63,361,NorthAmerica
CHALLENGER,86,63,False,False,False,False,Bottom,57.72,149,NorthAmerica
CHALLENGER,136,82,False,False,False,False,Mid,62.39,218,NorthAmerica
CHALLENGER,111,88,True,False,False,False,Mid,55.78,199,NorthAmerica
CHALLENGER,187,143,True,False,False,False,Mid,56.67,330,NorthAmerica
CHALLENGER,82,63,False,False,False,False,Top,56.55,145,NorthAmerica
CHALLENGER,193,122,True,False,False,False,Bottom,61.27,315,NorthAmerica
CHALLENGER,183,160,False,False,False,False,Bottom,53.35,343,NorthAmerica
CHALLENGER,200,169,True,False,False,False,Bottom,54.2,369,NorthAmerica
CHALLENGER,165,85,False,False,False,False,Jungle,66.0,250,NorthAmerica
CHALLENGER,144,124,True,False,False,False,Jungle,53.73,268,NorthAmerica
CHALLENGER,186,139,False,False,False,True,Top,57.23,325,NorthAmerica
CHALLENGER,57,31,False,False,False,True,Jungle,64.77,88,NorthAmerica
CHALLENGER,175,166,False,False,False,False,Jungle,51.32,341,NorthAmerica
CHALLENGER,98,68,False,False,False,False,Bottom,59.04,166,NorthAmerica
CHALLENGER,201,165,True,False,False,False,Jungle,54.92,366,NorthAmerica
CHALLENGER,86,57,False,False,False,False,Jungle,60.14,143,NorthAmerica
CHALLENGER,105,80,False,False,False,False,Top,56.76,185,NorthAmerica
CHALLENGER,101,85,False,False,False,False,Bottom,54.3,186,NorthAmerica
CHALLENGER,210,187,True,False,False,False,Jungle,52.9,397,NorthAmerica
CHALLENGER,114,93,False,False,False,False,Top,55.07,207,NorthAmerica
CHALLENGER,73,47,False,False,False,False,Top,60.83,120,NorthAmerica
CHALLENGER,186,167,True,False,False,False,Jungle,52.69,353,NorthAmerica
CHALLENGER,163,137,False,False,False,False,Top,54.33,300,NorthAmerica
CHALLENGER,247,240,True,False,False,False,Bottom,50.72,487,NorthAmerica
CHALLENGER,137,118,False,False,True,True,Mid,53.73,255,NorthAmerica
CHALLENGER,63,46,False,False,False,False,Bottom,57.8,109,NorthAmerica
CHALLENGER,163,125,True,False,False,True,Mid,56.6,288,NorthAmerica
CHALLENGER,149,111,False,False,False,False,Bottom,57.31,260,NorthAmerica
CHALLENGER,74,55,False,False,False,False,Jungle,57.36,129,NorthAmerica
CHALLENGER,177,159,True,False,False,True,Bottom,52.68,336,NorthAmerica
CHALLENGER,225,207,False,False,False,False,Mid,52.08,432,NorthAmerica
CHALLENGER,208,194,False,False,False,False,Mid,51.74,402,NorthAmerica
CHALLENGER,179,144,False,False,False,True,Mid,55.42,323,NorthAmerica
CHALLENGER,134,111,False,False,True,False,Top,54.69,245,NorthAmerica
CHALLENGER,119,100,True,False,False,False,Jungle,54.34,219,NorthAmerica
CHALLENGER,172,151,True,False,False,True,Mid,53.25,323,NorthAmerica
CHALLENGER,93,63,False,False,False,False,Bottom,59.62,156,NorthAmerica
CHALLENGER,240,216,False,False,False,True,Mid,52.63,456,NorthAmerica
CHALLENGER,154,124,False,False,True,False,Bottom,55.4,278,NorthAmerica
CHALLENGER,136,109,True,False,False,False,Mid,55.51,245,NorthAmerica
CHALLENGER,169,138,False,False,False,False,Bottom,55.05,307,NorthAmerica
CHALLENGER,161,134,False,False,True,False,Bottom,54.58,295,NorthAmerica
CHALLENGER,126,117,True,False,False,False,Top,51.85,243,NorthAmerica
CHALLENGER,105,72,False,False,False,False,Bottom,59.32,177,NorthAmerica
CHALLENGER,131,123,True,False,False,False,Bottom,51.57,254,NorthAmerica
CHALLENGER,154,140,True,False,False,False,Bottom,52.38,294,NorthAmerica
CHALLENGER,170,152,True,False,False,False,Top,52.8,322,NorthAmerica
CHALLENGER,206,188,False,False,False,False,Bottom,52.28,394,NorthAmerica
CHALLENGER,140,121,True,False,False,False,Bottom,53.64,261,NorthAmerica
CHALLENGER,80,63,False,False,False,False,Top,55.94,143,NorthAmerica
CHALLENGER,128,115,False,False,False,False,Mid,52.67,243,NorthAmerica
CHALLENGER,141,130,True,False,False,False,Bottom,52.03,271,NorthAmerica
CHALLENGER,415,396,False,False,True,False,Mid,51.17,811,NorthAmerica
CHALLENGER,64,47,False,False,True,False,Mid,57.66,111,NorthAmerica
CHALLENGER,179,126,True,False,False,True,Bottom,58.69,305,NorthAmerica
CHALLENGER,327,312,False,False,True,False,Bottom,51.17,639,NorthAmerica
CHALLENGER,169,149,False,False,False,False,Bottom,53.14,318,NorthAmerica
CHALLENGER,115,99,False,False,False,False,Mid,53.74,214,NorthAmerica
CHALLENGER,132,116,False,False,False,False,Mid,53.23,248,NorthAmerica
CHALLENGER,71,59,False,False,False,False,Bottom,54.62,130,NorthAmerica
CHALLENGER,184,165,True,False,False,False,Jungle,52.72,349,NorthAmerica
CHALLENGER,171,139,True,False,False,False,Bottom,55.16,310,NorthAmerica
CHALLENGER,85,70,False,False,False,True,Jungle,54.84,155,NorthAmerica
CHALLENGER,65,42,False,False,False,True,Mid,60.75,107,NorthAmerica
CHALLENGER,116,95,True,False,False,False,Jungle,54.98,211,NorthAmerica
CHALLENGER,226,211,True,False,False,True,Mid,51.72,437,NorthAmerica
CHALLENGER,79,58,False,False,True,True,Mid,57.66,137,NorthAmerica
CHALLENGER,134,119,True,False,False,True,Bottom,52.96,253,NorthAmerica
CHALLENGER,125,109,False,False,False,False,Bottom,53.42,234,NorthAmerica
CHALLENGER,103,85,False,False,False,False,Bottom,54.79,188,NorthAmerica
CHALLENGER,247,168,False,False,False,False,Mid,59.52,415,NorthAmerica
CHALLENGER,110,92,False,False,False,False,Jungle,54.46,202,NorthAmerica
CHALLENGER,87,53,False,False,True,False,Top,62.14,140,NorthAmerica
CHALLENGER,200,126,False,False,True,True,Top,61.35,326,NorthAmerica
CHALLENGER,192,179,True,False,False,True,Bottom,51.75,371,NorthAmerica
CHALLENGER,147,130,False,False,False,False,Top,53.07,277,NorthAmerica
CHALLENGER,96,74,False,False,False,True,Jungle,56.47,170,NorthAmerica
CHALLENGER,109,83,False,False,True,False,Jungle,56.77,192,NorthAmerica
CHALLENGER,236,216,False,False,False,False,Bottom,52.21,452,NorthAmerica
CHALLENGER,88,69,False,False,False,False,Bottom,56.05,157,NorthAmerica
CHALLENGER,130,113,True,False,False,False,Bottom,53.5,243,NorthAmerica
CHALLENGER,83,59,False,False,False,False,Top,58.45,142,NorthAmerica
CHALLENGER,130,117,True,False,False,False,Bottom,52.63,247,NorthAmerica
CHALLENGER,70,48,False,False,False,False,Mid,59.32,118,NorthAmerica
CHALLENGER,120,48,False,False,False,False,Bottom,71.43,168,NorthAmerica
CHALLENGER,84,67,False,False,False,False,Mid,55.63,151,NorthAmerica
CHALLENGER,257,222,False,False,False,False,Jungle,53.65,479,NorthAmerica
CHALLENGER,125,108,True,False,False,False,Bottom,53.65,233,NorthAmerica
CHALLENGER,117,107,False,False,True,False,Bottom,52.23,224,NorthAmerica
CHALLENGER,100,78,False,False,False,False,Mid,56.18,178,NorthAmerica
CHALLENGER,164,154,True,False,False,False,Bottom,51.57,318,NorthAmerica
CHALLENGER,152,139,False,False,False,False,Top,52.23,291,NorthAmerica
CHALLENGER,140,129,False,False,False,False,Bottom,52.04,269,NorthAmerica
CHALLENGER,84,71,False,False,False,False,Jungle,54.19,155,NorthAmerica
CHALLENGER,236,224,True,False,False,False,Mid,51.3,460,NorthAmerica
CHALLENGER,167,156,False,False,True,False,Mid,51.7,323,NorthAmerica
CHALLENGER,150,143,True,False,False,False,Mid,51.19,293,NorthAmerica
CHALLENGER,130,110,False,False,True,False,Jungle,54.17,240,NorthAmerica
CHALLENGER,105,101,True,False,False,False,Mid,50.97,206,NorthAmerica
CHALLENGER,102,85,False,False,True,False,Bottom,54.55,187,NorthAmerica
CHALLENGER,250,228,False,False,True,False,Jungle,52.3,478,NorthAmerica
CHALLENGER,225,209,False,False,False,False,Mid,51.84,434,NorthAmerica
CHALLENGER,245,209,False,False,True,False,Jungle,53.96,454,NorthAmerica
CHALLENGER,120,110,False,False,False,False,Jungle,52.17,230,NorthAmerica
CHALLENGER,107,88,False,False,True,True,Jungle,54.87,195,NorthAmerica
CHALLENGER,71,46,False,False,False,False,Mid,60.68,117,NorthAmerica
CHALLENGER,73,54,False,False,True,False,Bottom,57.48,127,NorthAmerica
CHALLENGER,94,57,False,False,True,True,Mid,62.25,151,NorthAmerica
CHALLENGER,238,207,False,False,True,False,Top,53.48,445,NorthAmerica
CHALLENGER,113,100,False,False,False,False,Bottom,53.05,213,NorthAmerica
CHALLENGER,68,48,False,False,False,False,Top,58.62,116,NorthAmerica
CHALLENGER,312,303,False,False,False,False,Mid,50.73,615,NorthAmerica
CHALLENGER,104,82,False,False,True,False,Mid,55.91,186,NorthAmerica
CHALLENGER,76,61,False,False,True,False,Mid,55.47,137,NorthAmerica
CHALLENGER,94,76,False,False,False,False,Jungle,55.29,170,NorthAmerica
CHALLENGER,109,92,False,False,False,False,Top,54.23,201,NorthAmerica
CHALLENGER,285,217,False,False,True,False,Bottom,56.77,502,NorthAmerica
CHALLENGER,183,172,False,False,False,False,Top,51.55,355,NorthAmerica
CHALLENGER,97,54,False,False,False,True,Mid,64.24,151,NorthAmerica
CHALLENGER,54,37,False,False,True,True,Bottom,59.34,91,NorthAmerica
CHALLENGER,138,123,True,False,False,False,Bottom,52.87,261,NorthAmerica
CHALLENGER,109,102,True,False,False,False,Mid,51.66,211,NorthAmerica
CHALLENGER,159,146,True,False,False,False,Bottom,52.13,305,NorthAmerica
CHALLENGER,123,99,False,False,True,False,Jungle,55.41,222,NorthAmerica
CHALLENGER,175,155,False,False,True,False,Mid,53.03,330,NorthAmerica
CHALLENGER,143,130,False,False,True,True,Bottom,52.38,273,NorthAmerica
CHALLENGER,88,65,False,False,False,False,Mid,57.52,153,NorthAmerica
CHALLENGER,157,122,False,False,True,True,Mid,56.27,279,NorthAmerica
CHALLENGER,113,98,False,False,True,True,Bottom,53.55,211,NorthAmerica
CHALLENGER,238,220,False,False,True,True,Top,51.97,458,NorthAmerica
CHALLENGER,39,21,False,False,False,False,Jungle,65.0,60,NorthAmerica
CHALLENGER,188,156,True,False,False,False,Bottom,54.65,344,NorthAmerica
CHALLENGER,147,140,True,False,False,False,Mid,51.22,287,NorthAmerica
CHALLENGER,79,60,False,False,False,False,Jungle,56.83,139,NorthAmerica
CHALLENGER,75,62,False,False,False,False,Bottom,54.74,137,NorthAmerica
CHALLENGER,126,114,True,False,False,False,Jungle,52.5,240,NorthAmerica
CHALLENGER,219,195,False,False,False,False,Mid,52.9,414,NorthAmerica
CHALLENGER,80,61,False,False,True,True,Mid,56.74,141,NorthAmerica
CHALLENGER,107,88,False,False,True,True,Mid,54.87,195,NorthAmerica
CHALLENGER,151,131,False,False,True,False,Jungle,53.55,282,NorthAmerica
CHALLENGER,65,44,False,False,True,True,Bottom,59.63,109,NorthAmerica
CHALLENGER,266,226,False,False,True,True,Top,54.07,492,NorthAmerica
CHALLENGER,153,132,False,False,True,False,Top,53.68,285,NorthAmerica
CHALLENGER,173,154,False,False,True,False,Bottom,52.91,327,NorthAmerica
CHALLENGER,69,49,False,False,False,False,Top,58.47,118,NorthAmerica
CHALLENGER,79,68,False,False,False,False,Bottom,53.74,147,NorthAmerica
CHALLENGER,136,120,True,False,False,False,Top,53.12,256,NorthAmerica
CHALLENGER,104,86,False,False,False,False,Bottom,54.74,190,NorthAmerica
CHALLENGER,72,40,False,False,True,True,Top,64.29,112,NorthAmerica
CHALLENGER,215,177,True,False,False,False,Bottom,54.85,392,NorthAmerica
CHALLENGER,59,34,False,False,False,True,Jungle,63.44,93,NorthAmerica
CHALLENGER,192,100,False,False,True,False,Jungle,65.75,292,NorthAmerica
CHALLENGER,150,135,True,False,False,False,Top,52.63,285,NorthAmerica
CHALLENGER,182,162,False,False,False,False,Jungle,52.91,344,NorthAmerica
CHALLENGER,163,155,False,False,True,False,Top,51.26,318,NorthAmerica
CHALLENGER,99,73,False,False,False,False,Top,57.56,172,NorthAmerica
CHALLENGER,89,80,False,False,True,True,Mid,52.66,169,NorthAmerica
CHALLENGER,78,43,False,False,True,False,Top,64.46,121,NorthAmerica
CHALLENGER,296,284,True,False,False,False,Jungle,51.03,580,NorthAmerica
CHALLENGER,108,93,False,False,True,False,Bottom,53.73,201,NorthAmerica
CHALLENGER,112,85,False,False,True,True,Jungle,56.85,197,NorthAmerica
CHALLENGER,136,126,True,False,False,False,Bottom,51.91,262,NorthAmerica
CHALLENGER,122,97,False,False,True,False,Bottom,55.71,219,NorthAmerica
CHALLENGER,91,72,False,False,True,True,Jungle,55.83,163,NorthAmerica
CHALLENGER,153,110,False,False,True,False,Jungle,58.17,263,NorthAmerica
CHALLENGER,150,126,False,False,True,True,Top,54.35,276,NorthAmerica
CHALLENGER,110,90,False,False,True,True,Bottom,55.0,200,NorthAmerica
CHALLENGER,102,96,False,False,False,False,Bottom,51.52,198,NorthAmerica
CHALLENGER,92,75,False,False,True,True,Top,55.09,167,NorthAmerica
CHALLENGER,68,45,False,False,True,True,Bottom,60.18,113,NorthAmerica
CHALLENGER,179,156,False,False,False,False,Top,53.43,335,NorthAmerica
CHALLENGER,125,101,False,False,True,True,Bottom,55.31,226,NorthAmerica
CHALLENGER,88,52,False,False,True,True,Top,62.86,140,NorthAmerica
CHALLENGER,224,209,False,False,True,False,Bottom,51.73,433,NorthAmerica
CHALLENGER,126,101,False,False,True,False,Top,55.51,227,NorthAmerica
CHALLENGER,44,34,False,False,True,False,Mid,56.41,78,NorthAmerica
CHALLENGER,133,120,False,False,True,False,Jungle,52.57,253,NorthAmerica
CHALLENGER,72,44,False,False,True,True,Bottom,62.07,116,NorthAmerica
CHALLENGER,72,46,False,False,True,True,Mid,61.02,118,NorthAmerica
CHALLENGER,99,88,False,False,False,False,Mid,52.94,187,NorthAmerica
GRANDMASTER,191,174,False,False,False,False,Jungle,52.33,365,NorthAmerica
GRANDMASTER,179,170,False,False,True,False,Bottom,51.29,349,NorthAmerica
GRANDMASTER,57,45,False,False,True,False,Bottom,55.88,102,NorthAmerica
GRANDMASTER,94,71,False,False,True,False,Bottom,56.97,165,NorthAmerica
GRANDMASTER,52,27,False,False,True,False,Bottom,65.82,79,NorthAmerica
GRANDMASTER,98,78,False,False,True,False,Top,55.68,176,NorthAmerica
GRANDMASTER,94,77,False,False,True,False,Bottom,54.97,171,NorthAmerica
GRANDMASTER,83,59,False,False,True,False,Mid,58.45,142,NorthAmerica
GRANDMASTER,89,71,False,False,True,False,Jungle,55.62,160,NorthAmerica
GRANDMASTER,98,48,False,False,True,False,Bottom,67.12,146,NorthAmerica
GRANDMASTER,88,65,False,False,True,True,Jungle,57.52,153,NorthAmerica
GRANDMASTER,125,100,False,False,True,False,Mid,55.56,225,NorthAmerica
GRANDMASTER,83,54,False,False,False,False,Top,60.58,137,NorthAmerica
GRANDMASTER,49,35,False,False,True,False,Mid,58.33,84,NorthAmerica
GRANDMASTER,73,55,False,False,False,True,Bottom,57.03,128,NorthAmerica
GRANDMASTER,303,302,False,False,True,False,Bottom,50.08,605,NorthAmerica
GRANDMASTER,195,183,False,False,True,False,Mid,51.59,378,NorthAmerica
GRANDMASTER,108,78,False,False,True,True,Top,58.06,186,NorthAmerica
GRANDMASTER,91,73,False,False,False,False,Mid,55.49,164,NorthAmerica
GRANDMASTER,173,162,False,False,True,False,Mid,51.64,335,NorthAmerica
GRANDMASTER,85,47,False,False,True,False,Jungle,64.39,132,NorthAmerica
GRANDMASTER,76,62,False,False,False,False,Bottom,55.07,138,NorthAmerica
GRANDMASTER,56,46,False,False,True,False,Bottom,54.9,102,NorthAmerica
GRANDMASTER,41,26,False,False,False,False,Mid,61.19,67,NorthAmerica
GRANDMASTER,93,84,False,False,True,False,Bottom,52.54,177,NorthAmerica
GRANDMASTER,105,86,False,False,False,False,Bottom,54.97,191,NorthAmerica
GRANDMASTER,149,128,False,False,False,False,Top,53.79,277,NorthAmerica
GRANDMASTER,181,160,False,False,True,False,Bottom,53.08,341,NorthAmerica
GRANDMASTER,176,149,False,False,True,False,Bottom,54.15,325,NorthAmerica
GRANDMASTER,166,139,False,False,False,False,Bottom,54.43,305,NorthAmerica
GRANDMASTER,107,75,False,False,True,False,Top,58.79,182,NorthAmerica
GRANDMASTER,54,28,False,False,False,False,Top,65.85,82,NorthAmerica
GRANDMASTER,206,191,False,False,True,False,Bottom,51.89,397,NorthAmerica
GRANDMASTER,196,133,False,False,True,False,Bottom,59.57,329,NorthAmerica
GRANDMASTER,151,139,False,False,True,False,Mid,52.07,290,NorthAmerica
GRANDMASTER,111,100,False,False,False,False,Top,52.61,211,NorthAmerica
GRANDMASTER,154,132,False,False,False,False,Bottom,53.85,286,NorthAmerica
GRANDMASTER,122,104,False,False,True,False,Top,53.98,226,NorthAmerica
GRANDMASTER,74,45,False,False,True,False,Top,62.18,119,NorthAmerica
GRANDMASTER,229,215,True,False,False,False,Top,51.58,444,NorthAmerica
GRANDMASTER,227,194,False,False,False,False,Mid,53.92,421,NorthAmerica
GRANDMASTER,163,153,False,False,True,False,Bottom,51.58,316,NorthAmerica
GRANDMASTER,100,84,False,False,False,False,Bottom,54.35,184,NorthAmerica
GRANDMASTER,221,208,False,False,False,False,Jungle,51.52,429,NorthAmerica
GRANDMASTER,150,134,True,False,False,False,Mid,52.82,284,NorthAmerica
GRANDMASTER,162,137,True,False,False,False,Top,54.18,299,NorthAmerica
GRANDMASTER,80,61,False,False,False,False,Bottom,56.74,141,NorthAmerica
GRANDMASTER,84,73,False,False,False,False,Top,53.5,157,NorthAmerica
GRANDMASTER,237,223,False,False,True,False,Jungle,51.52,460,NorthAmerica
GRANDMASTER,182,166,False,False,True,False,Bottom,52.3,348,NorthAmerica
GRANDMASTER,255,234,False,False,True,False,Mid,52.15,489,NorthAmerica
GRANDMASTER,107,83,False,False,False,False,Mid,56.32,190,NorthAmerica
GRANDMASTER,83,75,False,False,False,False,Mid,52.53,158,NorthAmerica
GRANDMASTER,176,128,False,False,True,False,Bottom,57.89,304,NorthAmerica
GRANDMASTER,98,48,False,False,False,False,Bottom,67.12,146,NorthAmerica
GRANDMASTER,113,103,False,False,False,False,Mid,52.31,216,NorthAmerica
GRANDMASTER,107,87,False,False,False,False,Bottom,55.15,194,NorthAmerica
GRANDMASTER,332,310,False,False,True,False,Mid,51.71,642,NorthAmerica
GRANDMASTER,101,88,False,False,False,False,Jungle,53.44,189,NorthAmerica
GRANDMASTER,69,58,False,False,False,False,Bottom,54.33,127,NorthAmerica
GRANDMASTER,203,178,True,False,False,True,Bottom,53.28,381,NorthAmerica
GRANDMASTER,114,101,False,False,False,False,Jungle,53.02,215,NorthAmerica
GRANDMASTER,121,118,False,False,False,False,Bottom,50.63,239,NorthAmerica
GRANDMASTER,99,77,False,False,False,True,Bottom,56.25,176,NorthAmerica
GRANDMASTER,131,97,False,False,False,False,Bottom,57.46,228,NorthAmerica
GRANDMASTER,109,94,False,False,False,True,Top,53.69,203,NorthAmerica
GRANDMASTER,181,170,False,False,False,False,Bottom,51.57,351,NorthAmerica
GRANDMASTER,156,139,False,False,False,False,Top,52.88,295,NorthAmerica
GRANDMASTER,128,115,False,False,False,False,Mid,52.67,243,NorthAmerica
GRANDMASTER,124,114,False,False,False,False,Top,52.1,238,NorthAmerica
GRANDMASTER,37,22,False,False,False,True,Top,62.71,59,NorthAmerica
GRANDMASTER,252,226,False,False,True,False,Bottom,52.72,478,NorthAmerica
GRANDMASTER,243,217,True,False,False,False,Jungle,52.83,460,NorthAmerica
GRANDMASTER,198,173,False,False,False,True,Bottom,53.37,371,NorthAmerica
GRANDMASTER,89,76,False,False,False,True,Jungle,53.94,165,NorthAmerica
GRANDMASTER,57,29,False,False,False,False,Bottom,66.28,86,NorthAmerica
GRANDMASTER,95,72,False,False,False,True,Mid,56.89,167,NorthAmerica
GRANDMASTER,129,118,False,False,True,False,Bottom,52.23,247,NorthAmerica
GRANDMASTER,64,46,False,False,False,False,Jungle,58.18,110,NorthAmerica
GRANDMASTER,155,139,False,False,False,False,Mid,52.72,294,NorthAmerica
GRANDMASTER,198,176,False,False,True,True,Top,52.94,374,NorthAmerica
GRANDMASTER,176,170,False,False,False,False,Bottom,50.87,346,NorthAmerica
GRANDMASTER,123,102,False,False,False,False,Bottom,54.67,225,NorthAmerica
GRANDMASTER,221,142,False,False,False,False,Jungle,60.88,363,NorthAmerica
GRANDMASTER,155,146,False,False,False,True,Bottom,51.5,301,NorthAmerica
GRANDMASTER,99,90,False,False,False,False,Jungle,52.38,189,NorthAmerica
GRANDMASTER,175,151,False,False,False,False,Top,53.68,326,NorthAmerica
GRANDMASTER,164,156,False,False,False,False,Bottom,51.25,320,NorthAmerica
GRANDMASTER,132,102,False,False,True,False,Mid,56.41,234,NorthAmerica
GRANDMASTER,107,93,False,False,True,False,Jungle,53.5,200,NorthAmerica
GRANDMASTER,38,20,False,False,False,False,Bottom,65.52,58,NorthAmerica
GRANDMASTER,228,222,False,False,True,False,Mid,50.67,450,NorthAmerica
GRANDMASTER,154,135,False,False,True,False,Mid,53.29,289,NorthAmerica
GRANDMASTER,72,58,False,False,False,False,Mid,55.38,130,NorthAmerica
GRANDMASTER,138,128,False,False,False,False,Bottom,51.88,266,NorthAmerica
GRANDMASTER,136,116,False,False,False,True,Mid,53.97,252,NorthAmerica
GRANDMASTER,66,41,False,False,False,False,Jungle,61.68,107,NorthAmerica
GRANDMASTER,252,213,False,False,False,False,Mid,54.19,465,NorthAmerica
GRANDMASTER,212,173,False,False,False,False,Top,55.06,385,NorthAmerica
GRANDMASTER,128,67,False,False,False,False,Jungle,65.64,195,NorthAmerica
GRANDMASTER,68,52,False,False,False,False,Jungle,56.67,120,NorthAmerica
GRANDMASTER,218,188,False,False,False,False,Bottom,53.69,406,NorthAmerica
GRANDMASTER,142,132,True,False,False,False,Bottom,51.82,274,NorthAmerica
GRANDMASTER,88,83,False,False,True,False,Mid,51.46,171,NorthAmerica
GRANDMASTER,73,55,False,False,False,False,Jungle,57.03,128,NorthAmerica
GRANDMASTER,84,70,False,False,False,False,Top,54.55,154,NorthAmerica
GRANDMASTER,232,224,True,False,False,False,Jungle,50.88,456,NorthAmerica
GRANDMASTER,110,96,False,False,False,False,Mid,53.4,206,NorthAmerica
GRANDMASTER,148,87,False,False,False,False,Bottom,62.98,235,NorthAmerica
GRANDMASTER,175,160,False,False,False,False,Jungle,52.24,335,NorthAmerica
GRANDMASTER,68,49,False,False,False,False,Top,58.12,117,NorthAmerica
GRANDMASTER,72,55,False,False,True,False,Mid,56.69,127,NorthAmerica
GRANDMASTER,235,219,False,False,False,False,Bottom,51.76,454,NorthAmerica
GRANDMASTER,229,228,False,False,False,False,Bottom,50.11,457,NorthAmerica
GRANDMASTER,79,53,False,False,True,False,Top,59.85,132,NorthAmerica
GRANDMASTER,196,173,False,False,False,False,Mid,53.12,369,NorthAmerica
GRANDMASTER,169,159,False,False,False,False,Bottom,51.52,328,NorthAmerica
GRANDMASTER,94,89,False,False,False,False,Bottom,51.37,183,NorthAmerica
GRANDMASTER,164,149,False,False,True,False,Jungle,52.4,313,NorthAmerica
GRANDMASTER,129,108,False,False,False,True,Jungle,54.43,237,NorthAmerica
GRANDMASTER,285,269,False,False,True,False,Mid,51.44,554,NorthAmerica
GRANDMASTER,191,179,False,False,False,False,Top,51.62,370,NorthAmerica
GRANDMASTER,64,42,False,False,False,False,Jungle,60.38,106,NorthAmerica
GRANDMASTER,64,54,False,False,False,False,Bottom,54.24,118,NorthAmerica
GRANDMASTER,54,29,False,False,False,False,Jungle,65.06,83,NorthAmerica
GRANDMASTER,84,64,False,False,False,False,Mid,56.76,148,NorthAmerica
GRANDMASTER,50,41,False,False,False,False,Jungle,54.95,91,NorthAmerica
GRANDMASTER,198,181,False,False,False,False,Mid,52.24,379,NorthAmerica
GRANDMASTER,240,226,True,False,False,False,Mid,51.5,466,NorthAmerica
GRANDMASTER,129,116,False,False,False,False,Bottom,52.65,245,NorthAmerica
GRANDMASTER,236,221,False,False,False,False,Jungle,51.64,457,NorthAmerica
GRANDMASTER,110,108,True,False,False,True,Bottom,50.46,218,NorthAmerica
GRANDMASTER,110,90,False,False,False,False,Mid,55.0,200,NorthAmerica
GRANDMASTER,147,138,False,False,False,False,Jungle,51.58,285,NorthAmerica
GRANDMASTER,127,108,False,False,False,False,Mid,54.04,235,NorthAmerica
GRANDMASTER,73,55,False,False,False,False,Bottom,57.03,128,NorthAmerica
GRANDMASTER,72,46,False,False,False,False,Jungle,61.02,118,NorthAmerica
GRANDMASTER,173,151,True,False,False,False,Mid,53.4,324,NorthAmerica
GRANDMASTER,172,172,False,False,True,False,Top,50.0,344,NorthAmerica
GRANDMASTER,90,69,False,False,False,False,Top,56.6,159,NorthAmerica
GRANDMASTER,66,50,False,False,False,True,Jungle,56.9,116,NorthAmerica
GRANDMASTER,174,149,False,False,False,False,Jungle,53.87,323,NorthAmerica
GRANDMASTER,101,88,False,False,False,False,Mid,53.44,189,NorthAmerica
GRANDMASTER,148,133,False,False,False,True,Top,52.67,281,NorthAmerica
GRANDMASTER,83,72,False,False,False,False,Mid,53.55,155,NorthAmerica
GRANDMASTER,55,44,False,False,False,False,Mid,55.56,99,NorthAmerica
GRANDMASTER,195,179,False,False,False,False,Jungle,52.14,374,NorthAmerica
GRANDMASTER,78,66,False,False,False,False,Jungle,54.17,144,NorthAmerica
GRANDMASTER,57,43,False,False,False,False,Mid,57.0,100,NorthAmerica
GRANDMASTER,31,16,False,False,False,False,Bottom,65.96,47,NorthAmerica
GRANDMASTER,118,102,False,False,False,False,Bottom,53.64,220,NorthAmerica
GRANDMASTER,124,109,False,False,False,True,Bottom,53.22,233,NorthAmerica
GRANDMASTER,66,52,False,False,False,False,Jungle,55.93,118,NorthAmerica
GRANDMASTER,148,106,False,False,False,False,Bottom,58.27,254,NorthAmerica
GRANDMASTER,45,35,False,False,False,False,Bottom,56.25,80,NorthAmerica
GRANDMASTER,202,191,False,False,False,False,Jungle,51.4,393,NorthAmerica
GRANDMASTER,158,110,False,False,False,False,Mid,58.96,268,NorthAmerica
GRANDMASTER,193,190,True,False,False,False,Jungle,50.39,383,NorthAmerica
GRANDMASTER,111,93,False,False,False,False,Bottom,54.41,204,NorthAmerica
GRANDMASTER,79,74,False,False,False,False,Bottom,51.63,153,NorthAmerica
GRANDMASTER,185,176,False,False,False,False,Jungle,51.25,361,NorthAmerica
GRANDMASTER,88,84,False,False,False,True,Top,51.16,172,NorthAmerica
GRANDMASTER,123,107,False,False,False,False,Jungle,53.48,230,NorthAmerica
GRANDMASTER,153,145,False,False,False,True,Bottom,51.34,298,NorthAmerica
GRANDMASTER,281,276,True,False,False,True,Bottom,50.45,557,NorthAmerica
GRANDMASTER,125,113,False,False,False,False,Top,52.52,238,NorthAmerica
GRANDMASTER,151,143,False,False,False,False,Mid,51.36,294,NorthAmerica
GRANDMASTER,71,55,False,False,False,False,Top,56.35,126,NorthAmerica
GRANDMASTER,56,29,False,False,True,False,Bottom,65.88,85,NorthAmerica
GRANDMASTER,77,54,False,False,False,True,Mid,58.78,131,NorthAmerica
GRANDMASTER,165,140,False,False,False,True,Jungle,54.1,305,NorthAmerica
GRANDMASTER,208,198,False,False,True,False,Bottom,51.23,406,NorthAmerica
GRANDMASTER,72,59,False,False,False,False,Mid,54.96,131,NorthAmerica
GRANDMASTER,229,223,True,False,False,False,Bottom,50.66,452,NorthAmerica
GRANDMASTER,198,170,True,False,False,True,Jungle,53.8,368,NorthAmerica
GRANDMASTER,158,144,True,False,False,False,Bottom,52.32,302,NorthAmerica
GRANDMASTER,102,99,False,False,True,False,Mid,50.75,201,NorthAmerica
GRANDMASTER,182,172,False,False,False,False,Top,51.41,354,NorthAmerica
GRANDMASTER,135,110,False,False,False,False,Bottom,55.1,245,NorthAmerica
GRANDMASTER,150,135,False,False,True,False,Mid,52.63,285,NorthAmerica
GRANDMASTER,61,51,False,False,True,False,Bottom,54.46,112,NorthAmerica
GRANDMASTER,62,48,False,False,False,False,Bottom,56.36,110,NorthAmerica
GRANDMASTER,128,101,False,False,True,False,Jungle,55.9,229,NorthAmerica
GRANDMASTER,96,80,False,False,False,False,Top,54.55,176,NorthAmerica
GRANDMASTER,82,75,False,False,False,False,Bottom,52.23,157,NorthAmerica
GRANDMASTER,124,117,False,False,False,True,Mid,51.45,241,NorthAmerica
GRANDMASTER,120,93,True,False,False,False,Jungle,56.34,213,NorthAmerica
GRANDMASTER,60,43,False,False,False,False,Bottom,58.25,103,NorthAmerica
GRANDMASTER,56,42,False,False,False,True,Bottom,57.14,98,NorthAmerica
GRANDMASTER,146,109,False,False,False,False,Mid,57.25,255,NorthAmerica
GRANDMASTER,144,130,False,False,False,False,Mid,52.55,274,NorthAmerica
GRANDMASTER,57,47,False,False,False,False,Top,54.81,104,NorthAmerica
GRANDMASTER,157,150,False,False,True,False,Top,51.14,307,NorthAmerica
GRANDMASTER,103,82,False,False,False,False,Jungle,55.68,185,NorthAmerica
GRANDMASTER,85,74,False,False,False,True,Top,53.46,159,NorthAmerica
GRANDMASTER,111,94,False,False,True,False,Jungle,54.15,205,NorthAmerica
GRANDMASTER,154,117,False,False,False,False,Mid,56.83,271,NorthAmerica
GRANDMASTER,154,140,False,False,False,False,Bottom,52.38,294,NorthAmerica
GRANDMASTER,185,179,False,False,True,False,Mid,50.82,364,NorthAmerica
GRANDMASTER,94,78,False,False,False,False,Top,54.65,172,NorthAmerica
GRANDMASTER,74,56,False,False,False,False,Bottom,56.92,130,NorthAmerica
GRANDMASTER,144,137,False,False,True,False,Jungle,51.25,281,NorthAmerica
GRANDMASTER,26,12,False,False,True,True,Jungle,68.42,38,NorthAmerica
GRANDMASTER,111,94,False,False,True,True,Bottom,54.15,205,NorthAmerica
GRANDMASTER,74,49,False,False,False,False,Bottom,60.16,123,NorthAmerica
GRANDMASTER,86,77,False,False,False,False,Jungle,52.76,163,NorthAmerica
GRANDMASTER,65,39,False,False,False,False,Top,62.5,104,NorthAmerica
GRANDMASTER,125,123,False,False,False,False,Bottom,50.4,248,NorthAmerica
GRANDMASTER,116,105,True,False,False,False,Jungle,52.49,221,NorthAmerica
GRANDMASTER,67,57,False,False,False,False,Bottom,54.03,124,NorthAmerica
GRANDMASTER,156,141,False,False,False,False,Jungle,52.53,297,NorthAmerica
GRANDMASTER,142,125,False,False,False,False,Jungle,53.18,267,NorthAmerica
GRANDMASTER,86,65,False,False,False,False,Top,56.95,151,NorthAmerica
GRANDMASTER,84,31,False,False,False,False,Jungle,73.04,115,NorthAmerica
GRANDMASTER,59,43,False,False,False,False,Jungle,57.84,102,NorthAmerica
GRANDMASTER,167,142,False,False,False,False,Top,54.05,309,NorthAmerica
GRANDMASTER,141,130,False,False,False,False,Top,52.03,271,NorthAmerica
GRANDMASTER,163,146,False,False,False,False,Mid,52.75,309,NorthAmerica
GRANDMASTER,69,56,False,False,False,False,Bottom,55.2,125,NorthAmerica
GRANDMASTER,55,32,False,False,False,False,Bottom,63.22,87,NorthAmerica
GRANDMASTER,234,205,False,False,True,False,Bottom,53.3,439,NorthAmerica
GRANDMASTER,105,97,False,False,False,False,Bottom,51.98,202,NorthAmerica
GRANDMASTER,84,80,False,False,False,False,Jungle,51.22,164,NorthAmerica
GRANDMASTER,132,110,False,False,False,False,Bottom,54.55,242,NorthAmerica
GRANDMASTER,116,89,False,False,False,False,Top,56.59,205,NorthAmerica
GRANDMASTER,73,60,False,False,False,False,Jungle,54.89,133,NorthAmerica
GRANDMASTER,177,165,False,False,False,False,Mid,51.75,342,NorthAmerica
GRANDMASTER,137,127,False,False,False,False,Bottom,51.89,264,NorthAmerica
GRANDMASTER,130,126,False,False,False,False,Top,50.78,256,NorthAmerica
GRANDMASTER,112,108,False,False,False,False,Mid,50.91,220,NorthAmerica
GRANDMASTER,100,78,False,False,True,False,Top,56.18,178,NorthAmerica
GRANDMASTER,51,35,False,False,False,False,Jungle,59.3,86,NorthAmerica
GRANDMASTER,50,40,False,False,False,False,Bottom,55.56,90,NorthAmerica
GRANDMASTER,132,126,False,False,False,False,Top,51.16,258,NorthAmerica
GRANDMASTER,92,45,False,False,True,False,Mid,67.15,137,NorthAmerica
GRANDMASTER,72,64,False,False,False,False,Bottom,52.94,136,NorthAmerica
GRANDMASTER,136,117,True,False,False,False,Jungle,53.75,253,NorthAmerica
GRANDMASTER,39,22,False,False,False,False,Top,63.93,61,NorthAmerica
GRANDMASTER,61,59,False,False,True,False,Jungle,50.83,120,NorthAmerica
GRANDMASTER,96,71,False,False,True,True,Top,57.49,167,NorthAmerica
GRANDMASTER,95,67,False,False,False,False,Jungle,58.64,162,NorthAmerica
GRANDMASTER,124,109,False,False,False,False,Mid,53.22,233,NorthAmerica
GRANDMASTER,123,102,False,False,False,False,Bottom,54.67,225,NorthAmerica
GRANDMASTER,83,56,False,False,False,True,Jungle,59.71,139,NorthAmerica
GRANDMASTER,41,22,False,False,False,True,Bottom,65.08,63,NorthAmerica
GRANDMASTER,72,60,False,False,True,False,Bottom,54.55,132,NorthAmerica
GRANDMASTER,85,65,False,False,False,True,Bottom,56.67,150,NorthAmerica
GRANDMASTER,84,69,False,False,False,True,Bottom,54.9,153,NorthAmerica
GRANDMASTER,52,29,False,False,False,False,Top,64.2,81,NorthAmerica
GRANDMASTER,282,269,False,False,True,False,Jungle,51.18,551,NorthAmerica
GRANDMASTER,68,54,False,False,False,False,Top,55.74,122,NorthAmerica
GRANDMASTER,146,139,False,False,True,False,Mid,51.23,285,NorthAmerica
GRANDMASTER,45,26,False,False,True,False,Jungle,63.38,71,NorthAmerica
GRANDMASTER,130,117,False,False,True,False,Jungle,52.63,247,NorthAmerica
GRANDMASTER,130,131,False,False,False,False,Jungle,49.81,261,NorthAmerica
GRANDMASTER,46,34,False,False,True,False,Top,57.5,80,NorthAmerica
GRANDMASTER,161,157,False,False,False,False,Bottom,50.63,318,NorthAmerica
GRANDMASTER,124,96,False,False,False,True,Jungle,56.36,220,NorthAmerica
GRANDMASTER,48,21,False,False,False,False,Jungle,69.57,69,NorthAmerica
GRANDMASTER,45,25,False,False,False,False,Bottom,64.29,70,NorthAmerica
GRANDMASTER,175,164,False,False,True,False,Bottom,51.62,339,NorthAmerica
GRANDMASTER,100,82,False,False,False,False,Bottom,54.95,182,NorthAmerica
GRANDMASTER,173,144,False,False,False,False,Mid,54.57,317,NorthAmerica
GRANDMASTER,125,114,False,False,False,False,Bottom,52.3,239,NorthAmerica
GRANDMASTER,123,120,False,False,False,False,Bottom,50.62,243,NorthAmerica
GRANDMASTER,172,161,False,False,False,False,Bottom,51.65,333,NorthAmerica
GRANDMASTER,91,80,False,False,False,True,Bottom,53.22,171,NorthAmerica
GRANDMASTER,84,63,False,False,False,False,Mid,57.14,147,NorthAmerica
GRANDMASTER,205,198,True,False,False,False,Top,50.87,403,NorthAmerica
GRANDMASTER,203,191,False,False,False,False,Mid,51.52,394,NorthAmerica
GRANDMASTER,161,156,False,False,True,False,Jungle,50.79,317,NorthAmerica
GRANDMASTER,105,91,False,False,False,False,Mid,53.57,196,NorthAmerica
GRANDMASTER,134,99,False,False,True,False,Bottom,57.51,233,NorthAmerica
GRANDMASTER,131,129,True,False,False,False,Bottom,50.38,260,NorthAmerica
GRANDMASTER,112,99,False,False,False,False,Bottom,53.08,211,NorthAmerica
GRANDMASTER,70,47,False,False,True,False,Bottom,59.83,117,NorthAmerica
GRANDMASTER,176,164,False,False,False,False,Jungle,51.76,340,NorthAmerica
GRANDMASTER,85,18,False,False,True,True,Mid,82.52,103,NorthAmerica
GRANDMASTER,53,45,False,False,False,False,Bottom,54.08,98,NorthAmerica
GRANDMASTER,134,125,False,False,False,False,Jungle,51.74,259,NorthAmerica
GRANDMASTER,91,58,False,False,False,False,Mid,61.07,149,NorthAmerica
GRANDMASTER,39,28,False,False,False,False,Top,58.21,67,NorthAmerica
GRANDMASTER,96,83,False,False,False,True,Mid,53.63,179,NorthAmerica
GRANDMASTER,141,136,False,False,True,False,Mid,50.9,277,NorthAmerica
GRANDMASTER,62,57,False,False,False,False,Mid,52.1,119,NorthAmerica
GRANDMASTER,50,41,False,False,False,False,Top,54.95,91,NorthAmerica
GRANDMASTER,93,80,False,False,True,True,Jungle,53.76,173,NorthAmerica
GRANDMASTER,111,95,False,False,False,False,Mid,53.88,206,NorthAmerica
GRANDMASTER,43,31,False,False,False,False,Mid,58.11,74,NorthAmerica
GRANDMASTER,98,86,False,False,False,True,Mid,53.26,184,NorthAmerica
GRANDMASTER,85,62,False,False,False,False,Top,57.82,147,NorthAmerica
GRANDMASTER,66,56,False,False,False,False,Top,54.1,122,NorthAmerica
GRANDMASTER,238,212,False,False,False,True,Bottom,52.89,450,NorthAmerica
GRANDMASTER,209,195,False,False,True,False,Bottom,51.73,404,NorthAmerica
GRANDMASTER,169,87,False,False,True,False,Top,66.02,256,NorthAmerica
GRANDMASTER,139,133,False,False,False,False,Mid,51.1,272,NorthAmerica
GRANDMASTER,76,63,False,False,False,False,Jungle,54.68,139,NorthAmerica
GRANDMASTER,341,319,False,False,False,True,Jungle,51.67,660,NorthAmerica
GRANDMASTER,129,119,False,False,True,True,Top,52.02,248,NorthAmerica
GRANDMASTER,149,136,False,False,True,True,Bottom,52.28,285,NorthAmerica
GRANDMASTER,123,96,False,False,False,False,Bottom,56.16,219,NorthAmerica
GRANDMASTER,91,56,False,False,False,False,Bottom,61.9,147,NorthAmerica
GRANDMASTER,142,142,False,False,False,False,Bottom,50.0,284,NorthAmerica
GRANDMASTER,134,92,False,False,True,False,Bottom,59.29,226,NorthAmerica
GRANDMASTER,74,58,False,False,False,False,Bottom,56.06,132,NorthAmerica
GRANDMASTER,255,256,False,False,True,False,Bottom,49.9,511,NorthAmerica
GRANDMASTER,172,159,False,False,False,False,Top,51.96,331,NorthAmerica
GRANDMASTER,51,29,False,False,True,False,Bottom,63.75,80,NorthAmerica
GRANDMASTER,228,157,False,False,True,False,Mid,59.22,385,NorthAmerica
GRANDMASTER,331,313,True,False,False,False,Top,51.4,644,NorthAmerica
GRANDMASTER,147,140,False,False,False,False,Jungle,51.22,287,NorthAmerica
GRANDMASTER,88,79,False,False,True,False,Top,52.69,167,NorthAmerica
GRANDMASTER,89,77,False,False,False,True,Jungle,53.61,166,NorthAmerica
GRANDMASTER,87,63,False,False,True,True,Mid,58.0,150,NorthAmerica
GRANDMASTER,81,68,False,False,False,False,Bottom,54.36,149,NorthAmerica
GRANDMASTER,73,69,False,False,False,False,Top,51.41,142,NorthAmerica
GRANDMASTER,49,29,False,False,False,True,Bottom,62.82,78,NorthAmerica
GRANDMASTER,49,41,False,False,False,False,Top,54.44,90,NorthAmerica
GRANDMASTER,190,183,False,False,False,True,Bottom,50.94,373,NorthAmerica
GRANDMASTER,154,138,False,False,False,True,Bottom,52.74,292,NorthAmerica
GRANDMASTER,52,32,False,False,True,False,Top,61.9,84,NorthAmerica
GRANDMASTER,227,216,False,False,True,True,Mid,51.24,443,NorthAmerica
GRANDMASTER,156,112,False,False,False,False,Bottom,58.21,268,NorthAmerica
GRANDMASTER,72,59,False,False,True,False,Top,54.96,131,NorthAmerica
GRANDMASTER,116,84,False,False,False,True,Mid,58.0,200,NorthAmerica
GRANDMASTER,25,9,False,False,False,False,Bottom,73.53,34,NorthAmerica
GRANDMASTER,60,47,False,False,False,False,Mid,56.07,107,NorthAmerica
GRANDMASTER,100,101,False,False,False,False,Mid,49.75,201,NorthAmerica
GRANDMASTER,62,55,False,False,False,False,Jungle,52.99,117,NorthAmerica
GRANDMASTER,44,34,False,False,False,False,Bottom,56.41,78,NorthAmerica
GRANDMASTER,81,70,False,False,False,False,Jungle,53.64,151,NorthAmerica
GRANDMASTER,73,62,False,False,False,False,Top,54.07,135,NorthAmerica
GRANDMASTER,65,53,False,False,False,False,Bottom,55.08,118,NorthAmerica
GRANDMASTER,140,131,False,False,False,False,Jungle,51.66,271,NorthAmerica
GRANDMASTER,118,84,False,False,False,False,Bottom,58.42,202,NorthAmerica
GRANDMASTER,206,200,False,False,True,False,Mid,50.74,406,NorthAmerica
GRANDMASTER,79,64,False,False,False,False,Bottom,55.24,143,NorthAmerica
GRANDMASTER,66,61,False,False,True,False,Mid,51.97,127,NorthAmerica
GRANDMASTER,115,102,False,False,False,False,Bottom,53.0,217,NorthAmerica
GRANDMASTER,68,49,False,False,False,False,Top,58.12,117,NorthAmerica
GRANDMASTER,29,17,False,False,False,False,Jungle,63.04,46,NorthAmerica
GRANDMASTER,434,416,False,False,True,False,Bottom,51.06,850,NorthAmerica
GRANDMASTER,252,240,True,False,False,False,Jungle,51.22,492,NorthAmerica
GRANDMASTER,127,108,False,False,True,False,Mid,54.04,235,NorthAmerica
GRANDMASTER,160,133,False,False,False,True,Top,54.61,293,NorthAmerica
GRANDMASTER,94,76,False,False,True,True,Jungle,55.29,170,NorthAmerica
GRANDMASTER,212,215,False,False,True,False,Bottom,49.65,427,NorthAmerica
GRANDMASTER,140,132,False,False,False,False,Bottom,51.47,272,NorthAmerica
GRANDMASTER,152,138,False,False,False,False,Jungle,52.41,290,NorthAmerica
GRANDMASTER,78,54,False,False,False,True,Mid,59.09,132,NorthAmerica
GRANDMASTER,61,36,False,False,True,True,Bottom,62.89,97,NorthAmerica
GRANDMASTER,213,136,False,False,False,True,Jungle,61.03,349,NorthAmerica
GRANDMASTER,169,141,False,False,True,False,Mid,54.52,310,NorthAmerica
GRANDMASTER,152,148,False,False,False,False,Top,50.67,300,NorthAmerica
GRANDMASTER,126,116,False,False,False,False,Jungle,52.07,242,NorthAmerica
GRANDMASTER,82,76,False,False,False,False,Mid,51.9,158,NorthAmerica
GRANDMASTER,59,39,False,False,False,False,Bottom,60.2,98,NorthAmerica
GRANDMASTER,58,43,False,False,False,False,Jungle,57.43,101,NorthAmerica
GRANDMASTER,47,35,False,False,False,False,Bottom,57.32,82,NorthAmerica
GRANDMASTER,31,16,False,False,True,True,Top,65.96,47,NorthAmerica
GRANDMASTER,211,141,False,False,False,True,Bottom,59.94,352,NorthAmerica
GRANDMASTER,201,191,False,False,False,False,Top,51.28,392,NorthAmerica
GRANDMASTER,171,114,False,False,False,False,Bottom,60.0,285,NorthAmerica
GRANDMASTER,167,153,False,False,True,True,Jungle,52.19,320,NorthAmerica
GRANDMASTER,77,49,False,False,False,False,Top,61.11,126,NorthAmerica
GRANDMASTER,147,77,False,False,False,False,Jungle,65.62,224,NorthAmerica
GRANDMASTER,83,74,False,False,False,True,Bottom,52.87,157,NorthAmerica
GRANDMASTER,138,129,False,False,False,False,Bottom,51.69,267,NorthAmerica
GRANDMASTER,58,47,False,False,True,False,Bottom,55.24,105,NorthAmerica
GRANDMASTER,47,30,False,False,False,False,Bottom,61.04,77,NorthAmerica
GRANDMASTER,288,274,False,False,False,False,Mid,51.25,562,NorthAmerica
GRANDMASTER,35,25,False,False,False,False,Top,58.33,60,NorthAmerica
GRANDMASTER,134,100,False,False,True,True,Bottom,57.26,234,NorthAmerica
GRANDMASTER,48,34,False,False,True,False,Mid,58.54,82,NorthAmerica
GRANDMASTER,101,80,False,False,False,False,Jungle,55.8,181,NorthAmerica
GRANDMASTER,85,65,False,False,False,False,Top,56.67,150,NorthAmerica
GRANDMASTER,48,20,False,False,False,False,Mid,70.59,68,NorthAmerica
GRANDMASTER,116,109,False,False,True,False,Bottom,51.56,225,NorthAmerica
GRANDMASTER,82,71,False,False,False,False,Mid,53.59,153,NorthAmerica
GRANDMASTER,63,59,False,False,False,False,Mid,51.64,122,NorthAmerica
GRANDMASTER,133,113,False,False,True,False,Bottom,54.07,246,NorthAmerica
GRANDMASTER,100,78,False,False,True,False,Jungle,56.18,178,NorthAmerica
GRANDMASTER,189,161,False,False,True,False,Mid,54.0,350,NorthAmerica
GRANDMASTER,96,64,False,False,True,False,Bottom,60.0,160,NorthAmerica
GRANDMASTER,65,52,False,False,False,False,Bottom,55.56,117,NorthAmerica
GRANDMASTER,42,21,False,False,False,True,Bottom,66.67,63,NorthAmerica
GRANDMASTER,155,159,False,False,True,False,Mid,49.36,314,NorthAmerica
GRANDMASTER,133,116,False,False,True,False,Bottom,53.41,249,NorthAmerica
GRANDMASTER,198,183,False,False,True,False,Bottom,51.97,381,NorthAmerica
GRANDMASTER,48,36,False,False,True,False,Mid,57.14,84,NorthAmerica
GRANDMASTER,174,165,False,False,False,False,Mid,51.33,339,NorthAmerica
GRANDMASTER,91,84,False,False,False,False,Mid,52.0,175,NorthAmerica
GRANDMASTER,90,79,False,False,False,False,Top,53.25,169,NorthAmerica
GRANDMASTER,352,276,False,False,True,False,Mid,56.05,628,NorthAmerica
GRANDMASTER,113,107,False,False,False,False,Jungle,51.36,220,NorthAmerica
GRANDMASTER,85,79,False,False,False,False,Bottom,51.83,164,NorthAmerica
GRANDMASTER,150,86,False,False,False,False,Jungle,63.56,236,NorthAmerica
GRANDMASTER,114,100,True,False,False,False,Bottom,53.27,214,NorthAmerica
GRANDMASTER,95,86,False,False,True,False,Top,52.49,181,NorthAmerica
GRANDMASTER,92,86,False,False,False,False,Bottom,51.69,178,NorthAmerica
GRANDMASTER,70,37,False,False,True,True,Top,65.42,107,NorthAmerica
GRANDMASTER,63,44,False,False,False,False,Bottom,58.88,107,NorthAmerica
GRANDMASTER,223,208,False,False,False,False,Top,51.74,431,NorthAmerica
GRANDMASTER,149,147,False,False,False,False,Top,50.34,296,NorthAmerica
GRANDMASTER,70,63,False,False,False,False,Top,52.63,133,NorthAmerica
GRANDMASTER,307,268,False,False,True,False,Bottom,53.39,575,NorthAmerica
GRANDMASTER,169,119,False,False,False,False,Bottom,58.68,288,NorthAmerica
GRANDMASTER,62,39,False,False,True,False,Mid,61.39,101,NorthAmerica
GRANDMASTER,98,78,False,False,False,False,Top,55.68,176,NorthAmerica
GRANDMASTER,313,313,False,False,False,False,Jungle,50.0,626,NorthAmerica
GRANDMASTER,207,203,False,False,False,False,Bottom,50.49,410,NorthAmerica
GRANDMASTER,117,115,False,False,False,True,Top,50.43,232,NorthAmerica
GRANDMASTER,81,71,False,False,False,False,Jungle,53.29,152,NorthAmerica
GRANDMASTER,62,42,False,False,True,False,Jungle,59.62,104,NorthAmerica
GRANDMASTER,223,206,True,False,False,False,Jungle,51.98,429,NorthAmerica
GRANDMASTER,95,75,False,False,True,True,Jungle,55.88,170,NorthAmerica
GRANDMASTER,79,62,False,False,False,False,Bottom,56.03,141,NorthAmerica
GRANDMASTER,77,66,False,False,False,False,Bottom,53.85,143,NorthAmerica
GRANDMASTER,54,31,False,False,True,True,Bottom,63.53,85,NorthAmerica
GRANDMASTER,165,143,False,False,True,False,Top,53.57,308,NorthAmerica
GRANDMASTER,159,148,False,False,True,False,Mid,51.79,307,NorthAmerica
GRANDMASTER,87,79,False,False,False,False,Top,52.41,166,NorthAmerica
GRANDMASTER,64,59,False,False,False,False,Bottom,52.03,123,NorthAmerica
GRANDMASTER,53,38,False,False,False,True,Mid,58.24,91,NorthAmerica
GRANDMASTER,31,22,False,False,True,False,Bottom,58.49,53,NorthAmerica
GRANDMASTER,138,118,False,False,True,True,Bottom,53.91,256,NorthAmerica
GRANDMASTER,124,116,False,False,False,True,Bottom,51.67,240,NorthAmerica
GRANDMASTER,116,87,False,False,False,False,Top,57.14,203,NorthAmerica
GRANDMASTER,93,69,False,False,False,False,Jungle,57.41,162,NorthAmerica
GRANDMASTER,272,264,False,False,True,True,Top,50.75,536,NorthAmerica
GRANDMASTER,50,40,False,False,True,True,Jungle,55.56,90,NorthAmerica
GRANDMASTER,162,154,True,False,False,False,Mid,51.27,316,NorthAmerica
GRANDMASTER,92,89,False,False,True,False,Bottom,50.83,181,NorthAmerica
GRANDMASTER,68,59,False,False,False,False,Jungle,53.54,127,NorthAmerica
GRANDMASTER,66,50,False,False,True,True,Top,56.9,116,NorthAmerica
GRANDMASTER,49,40,False,False,True,False,Top,55.06,89,NorthAmerica
GRANDMASTER,35,27,False,False,False,False,Jungle,56.45,62,NorthAmerica
GRANDMASTER,29,20,False,False,False,False,Jungle,59.18,49,NorthAmerica
GRANDMASTER,131,121,False,False,True,True,Top,51.98,252,NorthAmerica
GRANDMASTER,127,122,False,False,True,True,Bottom,51.0,249,NorthAmerica
GRANDMASTER,80,62,False,False,True,True,Bottom,56.34,142,NorthAmerica
GRANDMASTER,56,42,False,False,False,False,Top,57.14,98,NorthAmerica
GRANDMASTER,198,190,False,False,True,True,Mid,51.03,388,NorthAmerica
GRANDMASTER,190,174,False,False,True,False,Bottom,52.2,364,NorthAmerica
GRANDMASTER,90,69,False,False,False,True,Bottom,56.6,159,NorthAmerica
GRANDMASTER,79,59,False,False,False,False,Bottom,57.25,138,NorthAmerica
GRANDMASTER,110,98,False,False,False,True,Bottom,52.88,208,NorthAmerica
GRANDMASTER,86,60,False,False,False,False,Mid,58.9,146,NorthAmerica
GRANDMASTER,62,48,False,False,True,True,Mid,56.36,110,NorthAmerica
GRANDMASTER,536,542,False,False,True,False,Top,49.72,1078,NorthAmerica
GRANDMASTER,238,193,False,False,False,False,Top,55.22,431,NorthAmerica
GRANDMASTER,157,126,False,False,True,False,Top,55.48,283,NorthAmerica
GRANDMASTER,61,47,False,False,True,False,Bottom,56.48,108,NorthAmerica
GRANDMASTER,36,26,False,False,False,False,Bottom,58.06,62,NorthAmerica
GRANDMASTER,148,137,False,False,False,False,Top,51.93,285,NorthAmerica
GRANDMASTER,96,24,False,False,False,False,Top,80.0,120,NorthAmerica
GRANDMASTER,88,84,False,False,True,False,Top,51.16,172,NorthAmerica
GRANDMASTER,86,76,False,False,True,False,Jungle,53.09,162,NorthAmerica
GRANDMASTER,274,248,False,False,False,False,Jungle,52.49,522,NorthAmerica
GRANDMASTER,207,180,False,False,True,True,Top,53.49,387,NorthAmerica
GRANDMASTER,57,44,False,False,True,False,Top,56.44,101,NorthAmerica
GRANDMASTER,106,85,False,False,False,False,Bottom,55.5,191,NorthAmerica
GRANDMASTER,70,53,False,False,False,False,Bottom,56.91,123,NorthAmerica
GRANDMASTER,50,44,False,False,False,False,Bottom,53.19,94,NorthAmerica
GRANDMASTER,126,106,False,False,False,False,Bottom,54.31,232,NorthAmerica
GRANDMASTER,100,89,False,False,True,False,Bottom,52.91,189,NorthAmerica
GRANDMASTER,140,108,False,False,False,False,Jungle,56.45,248,NorthAmerica
GRANDMASTER,117,115,False,False,True,True,Mid,50.43,232,NorthAmerica
GRANDMASTER,86,77,False,False,False,True,Bottom,52.76,163,NorthAmerica
GRANDMASTER,82,58,False,False,False,False,Bottom,58.57,140,NorthAmerica
GRANDMASTER,161,163,False,False,False,False,Top,49.69,324,NorthAmerica
GRANDMASTER,138,124,False,False,False,True,Top,52.67,262,NorthAmerica
GRANDMASTER,83,25,False,False,True,False,Bottom,76.85,108,NorthAmerica
GRANDMASTER,80,67,False,False,True,False,Bottom,54.42,147,NorthAmerica
GRANDMASTER,57,45,False,False,False,False,Jungle,55.88,102,NorthAmerica
GRANDMASTER,204,195,False,False,True,False,Bottom,51.13,399,NorthAmerica
GRANDMASTER,130,126,False,False,False,True,Bottom,50.78,256,NorthAmerica
GRANDMASTER,100,75,False,False,True,False,Jungle,57.14,175,NorthAmerica
GRANDMASTER,95,81,False,False,True,False,Mid,53.98,176,NorthAmerica
GRANDMASTER,69,48,False,False,False,False,Bottom,58.97,117,NorthAmerica
GRANDMASTER,35,22,False,False,False,False,Top,61.4,57,NorthAmerica
GRANDMASTER,128,122,False,False,True,False,Bottom,51.2,250,NorthAmerica
GRANDMASTER,72,64,False,False,True,False,Bottom,52.94,136,NorthAmerica
GRANDMASTER,24,16,False,False,False,False,Bottom,60.0,40,NorthAmerica
GRANDMASTER,21,8,False,False,True,False,Bottom,72.41,29,NorthAmerica
GRANDMASTER,171,141,False,False,True,False,Mid,54.81,312,NorthAmerica
GRANDMASTER,111,97,False,False,False,True,Bottom,53.37,208,NorthAmerica
GRANDMASTER,37,27,False,False,False,False,Jungle,57.81,64,NorthAmerica
GRANDMASTER,207,180,False,False,True,False,Bottom,53.49,387,NorthAmerica
GRANDMASTER,126,122,False,False,False,False,Bottom,50.81,248,NorthAmerica
GRANDMASTER,116,107,False,False,True,False,Bottom,52.02,223,NorthAmerica
GRANDMASTER,61,46,False,False,True,False,Mid,57.01,107,NorthAmerica
GRANDMASTER,418,390,False,False,True,True,Top,51.73,808,NorthAmerica
GRANDMASTER,175,164,False,False,False,False,Bottom,51.62,339,NorthAmerica
GRANDMASTER,143,118,False,False,False,False,Mid,54.79,261,NorthAmerica
GRANDMASTER,124,122,False,False,True,False,Top,50.41,246,NorthAmerica
GRANDMASTER,71,40,False,False,True,False,Jungle,63.96,111,NorthAmerica
GRANDMASTER,167,151,False,False,True,False,Bottom,52.52,318,NorthAmerica
GRANDMASTER,124,114,False,False,False,False,Top,52.1,238,NorthAmerica
GRANDMASTER,89,61,False,False,False,False,Jungle,59.33,150,NorthAmerica
GRANDMASTER,138,127,False,False,False,False,Top,52.08,265,NorthAmerica
GRANDMASTER,74,68,False,False,True,False,Jungle,52.11,142,NorthAmerica
GRANDMASTER,234,193,False,False,True,True,Bottom,54.8,427,NorthAmerica
GRANDMASTER,135,117,False,False,True,False,Bottom,53.57,252,NorthAmerica
GRANDMASTER,132,87,False,False,True,False,Bottom,60.27,219,NorthAmerica
GRANDMASTER,112,46,False,False,False,False,Jungle,70.89,158,NorthAmerica
GRANDMASTER,111,105,False,False,False,False,Jungle,51.39,216,NorthAmerica
GRANDMASTER,108,42,False,False,True,False,Mid,72.0,150,NorthAmerica
GRANDMASTER,98,90,False,False,True,False,Bottom,52.13,188,NorthAmerica
GRANDMASTER,79,69,False,False,True,False,Bottom,53.38,148,NorthAmerica
GRANDMASTER,54,30,False,False,True,False,Mid,64.29,84,NorthAmerica
GRANDMASTER,35,24,False,False,True,False,Bottom,59.32,59,NorthAmerica
GRANDMASTER,166,148,False,False,False,False,Jungle,52.87,314,NorthAmerica
GRANDMASTER,144,136,False,False,True,False,Mid,51.43,280,NorthAmerica
GRANDMASTER,124,96,False,False,True,False,Mid,56.36,220,NorthAmerica
GRANDMASTER,81,68,False,False,True,False,Top,54.36,149,NorthAmerica
GRANDMASTER,55,54,False,False,True,False,Jungle,50.46,109,NorthAmerica
GRANDMASTER,193,173,False,False,True,False,Jungle,52.73,366,NorthAmerica
GRANDMASTER,171,162,False,False,False,False,Bottom,51.35,333,NorthAmerica
GRANDMASTER,165,161,False,False,True,False,Jungle,50.61,326,NorthAmerica
GRANDMASTER,163,143,False,False,False,False,Mid,53.27,306,NorthAmerica
GRANDMASTER,86,74,False,False,False,False,Top,53.75,160,NorthAmerica
GRANDMASTER,35,30,False,False,True,False,Bottom,53.85,65,NorthAmerica
GRANDMASTER,203,201,False,False,False,False,Bottom,50.25,404,NorthAmerica
GRANDMASTER,139,139,False,False,False,False,Mid,50.0,278,NorthAmerica
GRANDMASTER,133,131,True,False,False,False,Jungle,50.38,264,NorthAmerica
GRANDMASTER,89,74,False,False,True,False,Top,54.6,163,NorthAmerica
GRANDMASTER,59,41,False,False,True,False,Mid,59.0,100,NorthAmerica
GRANDMASTER,58,51,False,False,True,False,Jungle,53.21,109,NorthAmerica
GRANDMASTER,180,172,False,False,False,False,Bottom,51.14,352,NorthAmerica
GRANDMASTER,337,324,False,False,True,False,Bottom,50.98,661,NorthAmerica
GRANDMASTER,30,15,False,False,False,False,Mid,66.67,45,NorthAmerica
GRANDMASTER,146,149,False,False,True,False,Mid,49.49,295,NorthAmerica
GRANDMASTER,98,96,False,False,False,False,Mid,50.52,194,NorthAmerica
GRANDMASTER,73,58,False,False,True,False,Bottom,55.73,131,NorthAmerica
GRANDMASTER,45,32,False,False,True,False,Jungle,58.44,77,NorthAmerica
GRANDMASTER,283,281,False,False,True,False,Mid,50.18,564,NorthAmerica
GRANDMASTER,170,153,False,False,False,False,Jungle,52.63,323,NorthAmerica
GRANDMASTER,120,43,False,False,False,False,Mid,73.62,163,NorthAmerica
GRANDMASTER,116,93,False,False,True,False,Bottom,55.5,209,NorthAmerica
GRANDMASTER,111,96,False,False,True,True,Mid,53.62,207,NorthAmerica
GRANDMASTER,109,47,False,False,True,True,Jungle,69.87,156,NorthAmerica
GRANDMASTER,62,39,False,False,False,False,Bottom,61.39,101,NorthAmerica
GRANDMASTER,62,51,False,False,False,False,Bottom,54.87,113,NorthAmerica
GRANDMASTER,38,23,False,False,True,False,Jungle,62.3,61,NorthAmerica
GRANDMASTER,444,422,False,False,True,False,Jungle,51.27,866,NorthAmerica
GRANDMASTER,219,191,False,False,True,False,Bottom,53.41,410,NorthAmerica
GRANDMASTER,87,81,False,False,True,False,Bottom,51.79,168,NorthAmerica
GRANDMASTER,80,58,False,False,True,False,Bottom,57.97,138,NorthAmerica
GRANDMASTER,48,40,False,False,True,False,Top,54.55,88,NorthAmerica
GRANDMASTER,219,190,False,False,True,False,Bottom,53.55,409,NorthAmerica
GRANDMASTER,207,166,False,False,True,True,Jungle,55.5,373,NorthAmerica
GRANDMASTER,183,118,False,False,True,False,Top,60.8,301,NorthAmerica
GRANDMASTER,146,146,False,False,True,False,Bottom,50.0,292,NorthAmerica
GRANDMASTER,126,99,False,False,True,False,Bottom,56.0,225,NorthAmerica
GRANDMASTER,113,92,False,False,True,True,Bottom,55.12,205,NorthAmerica
GRANDMASTER,68,54,False,False,False,False,Bottom,55.74,122,NorthAmerica
GRANDMASTER,173,159,False,False,True,False,Mid,52.11,332,NorthAmerica
GRANDMASTER,172,118,False,False,False,False,Jungle,59.31,290,NorthAmerica
GRANDMASTER,125,119,False,False,False,False,Jungle,51.23,244,NorthAmerica
GRANDMASTER,111,56,False,False,True,True,Mid,66.47,167,NorthAmerica
GRANDMASTER,82,75,False,False,False,False,Bottom,52.23,157,NorthAmerica
GRANDMASTER,75,60,False,False,False,False,Bottom,55.56,135,NorthAmerica
GRANDMASTER,63,58,False,False,False,False,Bottom,52.07,121,NorthAmerica
GRANDMASTER,163,142,False,False,False,False,Mid,53.44,305,NorthAmerica
GRANDMASTER,152,145,False,False,True,True,Bottom,51.18,297,NorthAmerica
GRANDMASTER,139,110,False,False,False,False,Mid,55.82,249,NorthAmerica
GRANDMASTER,130,120,False,False,True,False,Top,52.0,250,NorthAmerica
GRANDMASTER,129,120,False,False,True,True,Bottom,51.81,249,NorthAmerica
GRANDMASTER,123,79,False,False,True,True,Bottom,60.89,202,NorthAmerica
GRANDMASTER,119,108,False,False,True,True,Bottom,52.42,227,NorthAmerica
GRANDMASTER,119,116,False,False,True,False,Top,50.64,235,NorthAmerica
GRANDMASTER,113,104,False,False,True,False,Top,52.07,217,NorthAmerica
GRANDMASTER,100,93,False,False,True,False,Bottom,51.81,193,NorthAmerica
GRANDMASTER,88,66,False,False,True,False,Top,57.14,154,NorthAmerica
GRANDMASTER,87,74,False,False,False,False,Top,54.04,161,NorthAmerica
GRANDMASTER,64,62,False,False,True,False,Bottom,50.79,126,NorthAmerica
GRANDMASTER,57,48,False,False,False,False,Bottom,54.29,105,NorthAmerica
GRANDMASTER,53,42,False,False,True,False,Bottom,55.79,95,NorthAmerica
GRANDMASTER,49,43,False,False,True,True,Bottom,53.26,92,NorthAmerica
GRANDMASTER,42,31,False,False,True,True,Jungle,57.53,73,NorthAmerica
GRANDMASTER,42,31,False,False,False,False,Bottom,57.53,73,NorthAmerica
GRANDMASTER,37,28,False,False,True,False,Jungle,56.92,65,NorthAmerica
GRANDMASTER,215,210,False,False,False,False,Jungle,50.59,425,NorthAmerica
GRANDMASTER,212,190,False,False,True,False,Bottom,52.74,402,NorthAmerica
GRANDMASTER,157,155,False,False,False,False,Bottom,50.32,312,NorthAmerica
GRANDMASTER,131,126,False,False,True,False,Jungle,50.97,257,NorthAmerica
GRANDMASTER,104,60,False,False,True,False,Jungle,63.41,164,NorthAmerica
GRANDMASTER,102,103,False,False,False,False,Bottom,49.76,205,NorthAmerica
GRANDMASTER,92,86,False,False,True,False,Bottom,51.69,178,NorthAmerica
GRANDMASTER,78,48,False,False,True,False,Bottom,61.9,126,NorthAmerica
GRANDMASTER,72,64,False,False,True,False,Bottom,52.94,136,NorthAmerica
GRANDMASTER,70,56,False,False,False,False,Bottom,55.56,126,NorthAmerica
GRANDMASTER,65,46,False,False,False,False,Top,58.56,111,NorthAmerica
GRANDMASTER,301,253,False,False,True,False,Jungle,54.33,554,NorthAmerica
GRANDMASTER,212,156,False,False,False,True,Bottom,57.61,368,NorthAmerica
GRANDMASTER,158,153,True,False,False,False,Bottom,50.8,311,NorthAmerica
GRANDMASTER,142,137,False,False,True,True,Jungle,50.9,279,NorthAmerica
GRANDMASTER,87,55,False,False,True,False,Mid,61.27,142,NorthAmerica
GRANDMASTER,68,62,False,False,True,False,Mid,52.31,130,NorthAmerica
GRANDMASTER,62,52,False,False,True,False,Jungle,54.39,114,NorthAmerica
GRANDMASTER,53,31,False,False,False,False,Jungle,63.1,84,NorthAmerica
GRANDMASTER,44,36,False,False,True,False,Bottom,55.0,80,NorthAmerica
GRANDMASTER,41,29,False,False,False,False,Bottom,58.57,70,NorthAmerica
GRANDMASTER,165,103,False,False,True,True,Bottom,61.57,268,NorthAmerica
GRANDMASTER,126,119,False,False,False,False,Bottom,51.43,245,NorthAmerica
GRANDMASTER,115,107,False,False,True,False,Bottom,51.8,222,NorthAmerica
GRANDMASTER,110,61,False,False,True,False,Jungle,64.33,171,NorthAmerica
GRANDMASTER,66,34,False,False,True,True,Mid,66.0,100,NorthAmerica
GRANDMASTER,61,54,False,False,True,False,Mid,53.04,115,NorthAmerica
GRANDMASTER,45,32,False,False,False,False,Bottom,58.44,77,NorthAmerica
GRANDMASTER,472,464,False,False,True,False,Top,50.43,936,NorthAmerica
GRANDMASTER,223,216,False,False,False,False,Top,50.8,439,NorthAmerica
GRANDMASTER,167,146,False,False,True,False,Jungle,53.35,313,NorthAmerica
GRANDMASTER,155,114,False,False,True,False,Bottom,57.62,269,NorthAmerica
GRANDMASTER,93,72,False,False,True,False,Mid,56.36,165,NorthAmerica
GRANDMASTER,78,66,False,False,False,False,Jungle,54.17,144,NorthAmerica
GRANDMASTER,43,39,False,False,True,False,Mid,52.44,82,NorthAmerica
GRANDMASTER,35,25,False,False,True,True,Mid,58.33,60,NorthAmerica
GRANDMASTER,126,100,False,False,True,False,Mid,55.75,226,NorthAmerica
GRANDMASTER,93,84,False,False,True,False,Bottom,52.54,177,NorthAmerica
GRANDMASTER,74,71,False,False,False,False,Top,51.03,145,NorthAmerica
GRANDMASTER,46,44,False,False,True,False,Top,51.11,90,NorthAmerica
GRANDMASTER,47,26,False,False,False,False,Bottom,64.38,73,NorthAmerica
GRANDMASTER,302,248,False,False,False,False,Mid,54.91,550,NorthAmerica
GRANDMASTER,53,43,False,False,True,False,Bottom,55.21,96,NorthAmerica
GRANDMASTER,190,115,False,False,False,False,Jungle,62.3,305,NorthAmerica
GRANDMASTER,72,60,False,False,False,False,Bottom,54.55,132,NorthAmerica
GRANDMASTER,55,49,False,False,False,False,Mid,52.88,104,NorthAmerica
GRANDMASTER,94,84,False,False,True,False,Bottom,52.81,178,NorthAmerica
GRANDMASTER,90,88,False,False,False,False,Mid,50.56,178,NorthAmerica
GRANDMASTER,41,30,False,False,False,False,Mid,57.75,71,NorthAmerica
GRANDMASTER,296,267,False,False,False,False,Bottom,52.58,563,NorthAmerica
GRANDMASTER,135,125,False,False,False,False,Mid,51.92,260,NorthAmerica
GRANDMASTER,255,247,False,False,False,False,Mid,50.8,502,NorthAmerica
GRANDMASTER,170,166,True,False,False,False,Jungle,50.6,336,NorthAmerica
GRANDMASTER,115,105,False,False,False,False,Mid,52.27,220,NorthAmerica
GRANDMASTER,58,37,False,False,True,False,Bottom,61.05,95,NorthAmerica
GRANDMASTER,55,45,False,False,False,False,Top,55.0,100,NorthAmerica
GRANDMASTER,27,20,False,False,False,False,Bottom,57.45,47,NorthAmerica
GRANDMASTER,206,205,False,False,True,False,Mid,50.12,411,NorthAmerica
GRANDMASTER,45,37,False,False,True,False,Top,54.88,82,NorthAmerica
GRANDMASTER,30,14,False,False,False,False,Bottom,68.18,44,NorthAmerica
GRANDMASTER,106,89,False,False,True,False,Top,54.36,195,NorthAmerica
GRANDMASTER,56,44,False,False,True,False,Jungle,56.0,100,NorthAmerica
GRANDMASTER,55,44,False,False,False,False,Mid,55.56,99,NorthAmerica
GRANDMASTER,42,41,False,False,True,False,Bottom,50.6,83,NorthAmerica
GRANDMASTER,201,172,False,False,False,False,Top,53.89,373,NorthAmerica
GRANDMASTER,139,132,False,False,False,False,Bottom,51.29,271,NorthAmerica
GRANDMASTER,59,57,False,False,True,False,Jungle,50.86,116,NorthAmerica
GRANDMASTER,54,44,False,False,True,False,Top,55.1,98,NorthAmerica
GRANDMASTER,198,182,False,False,True,False,Mid,52.11,380,NorthAmerica
GRANDMASTER,164,94,False,False,False,False,Bottom,63.57,258,NorthAmerica
GRANDMASTER,126,103,False,False,True,False,Mid,55.02,229,NorthAmerica
GRANDMASTER,84,71,False,False,True,False,Jungle,54.19,155,NorthAmerica
GRANDMASTER,63,58,False,False,False,False,Bottom,52.07,121,NorthAmerica
GRANDMASTER,27,13,False,False,True,False,Top,67.5,40,NorthAmerica
GRANDMASTER,537,503,False,False,True,False,Bottom,51.63,1040,NorthAmerica
GRANDMASTER,338,331,False,False,True,True,Top,50.52,669,NorthAmerica
GRANDMASTER,329,283,False,False,True,False,Mid,53.76,612,NorthAmerica
GRANDMASTER,329,302,False,False,True,True,Top,52.14,631,NorthAmerica
GRANDMASTER,319,306,False,False,True,False,Jungle,51.04,625,NorthAmerica
GRANDMASTER,291,279,False,False,True,False,Mid,51.05,570,NorthAmerica
GRANDMASTER,283,276,False,False,False,False,Mid,50.63,559,NorthAmerica
GRANDMASTER,253,248,False,False,True,False,Mid,50.5,501,NorthAmerica
GRANDMASTER,246,170,False,False,True,False,Jungle,59.13,416,NorthAmerica
GRANDMASTER,244,226,False,False,True,True,Mid,51.91,470,NorthAmerica
GRANDMASTER,231,172,False,False,True,False,Bottom,57.32,403,NorthAmerica
GRANDMASTER,213,166,False,False,True,False,Top,56.2,379,NorthAmerica
GRANDMASTER,199,109,False,False,True,True,Mid,64.61,308,NorthAmerica
GRANDMASTER,194,152,False,False,False,False,Jungle,56.07,346,NorthAmerica
GRANDMASTER,189,133,False,False,True,False,Jungle,58.7,322,NorthAmerica
GRANDMASTER,186,155,False,False,False,False,Bottom,54.55,341,NorthAmerica
GRANDMASTER,183,111,False,False,False,False,Jungle,62.24,294,NorthAmerica
GRANDMASTER,172,143,False,False,False,False,Bottom,54.6,315,NorthAmerica
GRANDMASTER,143,127,False,False,True,False,Jungle,52.96,270,NorthAmerica
GRANDMASTER,140,83,False,False,True,False,Mid,62.78,223,NorthAmerica
GRANDMASTER,136,119,False,False,False,False,Top,53.33,255,NorthAmerica
GRANDMASTER,132,124,False,False,False,False,Bottom,51.56,256,NorthAmerica
GRANDMASTER,131,136,False,False,False,False,Mid,49.06,267,NorthAmerica
GRANDMASTER,129,59,False,False,False,False,Jungle,68.62,188,NorthAmerica
GRANDMASTER,117,96,False,False,True,True,Bottom,54.93,213,NorthAmerica
GRANDMASTER,112,95,False,False,True,False,Bottom,54.11,207,NorthAmerica
GRANDMASTER,111,100,False,False,False,False,Jungle,52.61,211,NorthAmerica
GRANDMASTER,108,102,False,False,False,False,Bottom,51.43,210,NorthAmerica
GRANDMASTER,107,42,False,False,False,False,Jungle,71.81,149,NorthAmerica
GRANDMASTER,100,77,False,False,False,False,Top,56.5,177,NorthAmerica
GRANDMASTER,98,100,False,False,False,False,Bottom,49.49,198,NorthAmerica
GRANDMASTER,93,72,False,False,True,False,Mid,56.36,165,NorthAmerica
GRANDMASTER,86,81,False,False,False,False,Mid,51.5,167,NorthAmerica
GRANDMASTER,85,75,False,False,False,False,Bottom,53.12,160,NorthAmerica
GRANDMASTER,83,80,False,False,True,False,Bottom,50.92,163,NorthAmerica
GRANDMASTER,80,52,False,False,False,False,Jungle,60.61,132,NorthAmerica
GRANDMASTER,80,65,False,False,True,False,Mid,55.17,145,NorthAmerica
GRANDMASTER,79,47,False,False,False,False,Bottom,62.7,126,NorthAmerica
GRANDMASTER,77,74,False,False,False,False,Bottom,50.99,151,NorthAmerica
GRANDMASTER,66,47,False,False,False,False,Mid,58.41,113,NorthAmerica
GRANDMASTER,65,52,False,False,True,False,Mid,55.56,117,NorthAmerica
GRANDMASTER,41,39,False,False,False,False,Bottom,51.25,80,NorthAmerica
MASTER,35,16,False,False,True,False,Mid,68.63,51,NorthAmerica
MASTER,49,40,False,False,True,True,Jungle,55.06,89,NorthAmerica
MASTER,131,107,False,False,True,True,Bottom,55.04,238,NorthAmerica
MASTER,185,172,False,False,True,True,Bottom,51.82,357,NorthAmerica
MASTER,192,190,False,False,True,False,Top,50.26,382,NorthAmerica
MASTER,36,24,False,False,True,True,Bottom,60.0,60,NorthAmerica
MASTER,35,17,False,False,True,True,Bottom,67.31,52,NorthAmerica
MASTER,162,128,False,False,True,False,Bottom,55.86,290,NorthAmerica
MASTER,328,291,False,False,True,False,Jungle,52.99,619,NorthAmerica
MASTER,248,240,False,False,True,False,Top,50.82,488,NorthAmerica
MASTER,236,184,False,False,True,True,Mid,56.19,420,NorthAmerica
MASTER,231,231,False,False,True,False,Jungle,50.0,462,NorthAmerica
MASTER,228,221,False,False,True,False,Bottom,50.78,449,NorthAmerica
MASTER,221,196,False,False,True,False,Top,53.0,417,NorthAmerica
MASTER,216,209,False,False,True,False,Jungle,50.82,425,NorthAmerica
MASTER,205,146,False,False,True,True,Jungle,58.4,351,NorthAmerica
MASTER,197,188,False,False,True,True,Top,51.17,385,NorthAmerica
MASTER,190,181,False,False,True,True,Top,51.21,371,NorthAmerica
MASTER,181,173,False,False,True,False,Top,51.13,354,NorthAmerica
MASTER,175,157,False,False,True,True,Bottom,52.71,332,NorthAmerica
MASTER,170,140,False,False,True,False,Bottom,54.84,310,NorthAmerica
MASTER,166,146,False,False,True,False,Jungle,53.21,312,NorthAmerica
MASTER,160,139,False,False,True,True,Bottom,53.51,299,NorthAmerica
MASTER,156,121,False,False,True,True,Jungle,56.32,277,NorthAmerica
MASTER,155,150,False,False,True,True,Bottom,50.82,305,NorthAmerica
MASTER,155,150,False,False,True,False,Jungle,50.82,305,NorthAmerica
MASTER,153,123,False,False,True,False,Mid,55.43,276,NorthAmerica
MASTER,151,112,False,False,True,False,Mid,57.41,263,NorthAmerica
MASTER,146,126,False,False,True,True,Bottom,53.68,272,NorthAmerica
MASTER,137,107,False,False,True,True,Top,56.15,244,NorthAmerica
MASTER,136,65,False,False,True,False,Jungle,67.66,201,NorthAmerica
MASTER,126,61,False,False,True,False,Mid,67.38,187,NorthAmerica
MASTER,123,117,False,False,True,False,Jungle,51.25,240,NorthAmerica
MASTER,119,95,False,False,True,True,Mid,55.61,214,NorthAmerica
MASTER,117,106,False,False,True,False,Bottom,52.47,223,NorthAmerica
MASTER,113,70,False,False,True,False,Top,61.75,183,NorthAmerica
MASTER,106,49,False,False,True,True,Bottom,68.39,155,NorthAmerica
MASTER,103,82,False,False,True,False,Bottom,55.68,185,NorthAmerica
MASTER,93,88,False,False,True,False,Bottom,51.38,181,NorthAmerica
MASTER,90,35,False,False,True,False,Mid,72.0,125,NorthAmerica
MASTER,87,71,False,False,True,False,Bottom,55.06,158,NorthAmerica
MASTER,87,83,False,False,True,False,Bottom,51.18,170,NorthAmerica
MASTER,84,77,False,False,True,False,Bottom,52.17,161,NorthAmerica
MASTER,78,55,False,False,True,False,Jungle,58.65,133,NorthAmerica
MASTER,72,56,False,False,False,False,Jungle,56.25,128,NorthAmerica
MASTER,68,46,False,False,True,False,Bottom,59.65,114,NorthAmerica
MASTER,68,47,False,False,True,False,Bottom,59.13,115,NorthAmerica
MASTER,67,59,False,False,True,False,Jungle,53.17,126,NorthAmerica
MASTER,66,43,False,False,True,True,Top,60.55,109,NorthAmerica
MASTER,66,51,False,False,True,False,Bottom,56.41,117,NorthAmerica
MASTER,65,61,False,False,True,False,Top,51.59,126,NorthAmerica
MASTER,62,55,False,False,True,True,Bottom,52.99,117,NorthAmerica
MASTER,61,39,False,False,True,True,Bottom,61.0,100,NorthAmerica
MASTER,59,32,False,False,True,False,Jungle,64.84,91,NorthAmerica
MASTER,59,47,False,False,True,False,Bottom,55.66,106,NorthAmerica
MASTER,59,50,False,False,True,False,Top,54.13,109,NorthAmerica
MASTER,59,55,False,False,True,False,Bottom,51.75,114,NorthAmerica
MASTER,56,26,False,False,True,False,Top,68.29,82,NorthAmerica
MASTER,56,40,False,False,True,False,Jungle,58.33,96,NorthAmerica
MASTER,56,48,False,False,True,True,Mid,53.85,104,NorthAmerica
MASTER,54,31,False,False,True,True,Bottom,63.53,85,NorthAmerica
MASTER,53,36,False,False,True,False,Bottom,59.55,89,NorthAmerica
MASTER,53,39,False,False,True,True,Bottom,57.61,92,NorthAmerica
MASTER,53,39,False,False,True,False,Bottom,57.61,92,NorthAmerica
MASTER,53,40,False,False,True,False,Bottom,56.99,93,NorthAmerica
MASTER,53,43,False,False,True,False,Jungle,55.21,96,NorthAmerica
MASTER,52,32,False,False,True,False,Bottom,61.9,84,NorthAmerica
MASTER,52,54,False,False,True,False,Bottom,49.06,106,NorthAmerica
MASTER,51,33,False,False,True,False,Bottom,60.71,84,NorthAmerica
MASTER,50,49,False,False,True,True,Top,50.51,99,NorthAmerica
MASTER,49,37,False,False,False,False,Bottom,56.98,86,NorthAmerica
MASTER,42,36,False,False,False,True,Jungle,53.85,78,NorthAmerica
MASTER,40,23,False,False,True,True,Mid,63.49,63,NorthAmerica
MASTER,40,38,False,False,True,True,Top,51.28,78,NorthAmerica
MASTER,37,27,False,False,True,True,Bottom,57.81,64,NorthAmerica
MASTER,33,25,False,False,True,False,Top,56.9,58,NorthAmerica
MASTER,32,28,False,False,True,False,Top,53.33,60,NorthAmerica
MASTER,30,13,False,False,True,False,Top,69.77,43,NorthAmerica
MASTER,28,19,False,False,False,False,Bottom,59.57,47,NorthAmerica
MASTER,26,16,False,False,True,True,Mid,61.9,42,NorthAmerica
MASTER,21,16,False,False,True,False,Mid,56.76,37,NorthAmerica
